"Initial","Final","Matrix element (a.u.)","Matrix error","Matrix element (a.u.)","Wavelength (nm)","Wavelength error","Wavelength (nm)","Transition rate (s-1)","Transition rate error","Transition rate (s-1)","Branching ratio","Branching ratio error","Branching ratio","Reference","DOI","Reference 2","DOI 2"
"8s1/2","7p1/2","4.2405116","0.0159920","4.241(16)","1332.8764","0.0053","1332.876(5)","7693149.3663","58025.546237","7.693(58)E+06","0.4092932291584209","0.001974574118334629","0.4093(20)","","","",""
"8s1/2","7p3/2","7.4639297","0.0116899","7.464(12)","1719.4001","0.0089","1719.400(9)","11103031.0203","34779.243220","1.1103(35)E+07","0.5907067708415791","0.001974574118334629","0.5907(20)","","","",""
"9s1/2","7p1/2","1.0114065","0.0130965","1.011(13)","744.4026","0.0022","744.403(2)","2512263.3165","65061.591925","2.512(65)E+06","0.27174209860178195","0.005864706677430963","0.2717(59)","","","",""
"9s1/2","7p3/2","1.3853267","0.0211764","1.385(21)","851.2810","0.0029","851.281(3)","3151540.1819","96350.238889","3.152(96)E+06","0.34089027898733987","0.007287644043657705","0.3409(73)","","","",""
"9s1/2","8p1/2","9.3550524","0.0275990","9.355(28)","3909.2430","0.0616","3909.24(6)","1484061.0056","8756.747193","1.4841(88)E+06","0.16052531176754872","0.0021729554532498602","0.1605(22)","","","",""
"9s1/2","8p3/2","15.9342220","0.0263060","15.934(26)","4968.4652","0.0992","4968.5(1)","2097163.5186","6925.605377","2.0972(69)E+06","0.2268423106433294","0.002918756663596418","0.2268(29)","","","",""
"10s1/2","7p1/2","0.5390844","0.0070504","0.5391(71)","622.1533","0.0002","622.1533(2)","1222527.2119","31977.574804","1.223(32)E+06","0.24628324394372098","0.005523197168252062","0.2463(55)","","","",""
"10s1/2","7p3/2","0.7080048","0.0113041","0.708(11)","695.0903","0.0003","695.0903(3)","1512118.9029","48285.388192","1.512(48)E+06","0.3046227069779707","0.007171237443192897","0.3046(72)","","","",""
"10s1/2","8p1/2","1.9335544","0.0214700","1.934(21)","1923.9438","0.0029","1923.944(3)","531830.1465","11810.780684","5.32(12)E+05","0.10713941777465202","0.002497205561611458","0.1071(25)","","","",""
"10s1/2","8p3/2","2.4543148","0.0345661","2.454(35)","2149.4694","0.0033","2149.469(3)","614474.7772","17308.290595","6.14(17)E+05","0.12378852590870663","0.0033962732888217196","0.1238(34)","","","",""
"10s1/2","9p1/2","16.2327890","0.0631620","16.233(63)","8386.3983","0.3542","8386.4(4)","452581.8664","3522.470995","4.526(35)E+05","0.09117451876028636","0.0013063297990673042","0.0912(13)","","","",""
"10s1/2","9p3/2","27.1790930","0.1226060","27.18(12)","10588.5430","0.5646","10588.5(6)","630374.4739","5688.183968","6.304(57)E+05","0.1269915866346633","0.0018685422375775318","0.1270(19)","","","",""
"11s1/2","7p1/2","0.3577018","0.0046083","0.3577(46)","572.0333","0.0002","572.0333(2)","692493.4120","17842.892561","6.92(18)E+05","0.23681765589552656","0.005298347263795918","0.2368(53)","","","",""
"11s1/2","7p3/2","0.4623225","0.0074796","0.4623(75)","633.1153","0.0003","633.1153(3)","853255.1544","27608.464903","8.53(28)E+05","0.2917946684657262","0.007070029751727624","0.2918(71)","","","",""
"11s1/2","8p1/2","0.9848582","0.0108059","0.985(11)","1513.7870","0.0018","1513.787(2)","283263.3397","6215.951418","2.833(62)E+05","0.09686988923298513","0.002249705314210713","0.0969(22)","","","",""
"11s1/2","8p3/2","1.1912576","0.0172119","1.191(17)","1650.0008","0.0020","1650.001(2)","320034.0515","9248.031882","3.200(92)E+05","0.10944467133377189","0.003102061222382033","0.1094(31)","","","",""
"11s1/2","9p1/2","3.0981703","0.0346705","3.098(35)","3845.1201","0.0745","3845.12(7)","171048.0613","3828.286510","1.710(38)E+05","0.058494709430543315","0.0014249522336405413","0.0585(14)","","","",""
"11s1/2","9p3/2","3.7549933","0.0777554","3.755(78)","4250.4194","0.0910","4250.42(9)","186020.2765","7703.927673","1.860(77)E+05","0.06361488077784269","0.002582515837233264","0.0636(26)","","","",""
"11s1/2","10p1/2","24.8394950","0.1507720","24.84(15)","15273.4948","1.1748","15273(1)","175431.4967","2130.070296","1.754(21)E+05","0.05999374880952218","0.001005394970428389","0.0600(10)","","","",""
"11s1/2","10p3/2","41.1729380","0.2510150","41.17(25)","19200.5284","1.8565","19201(2)","242617.1439","2959.117149","2.426(30)E+05","0.08296977605408208","0.0013763450960672815","0.0830(14)","","","",""
"12s1/2","7p1/2","0.2629952","0.0033488","0.2630(33)","545.7891","0.0002","545.7891(2)","430981.2213","10975.636932","4.31(11)E+05","0.23239907900871548","0.005174590006933173","0.2324(52)","","","",""
"12s1/2","7p3/2","0.3371789","0.0055031","0.3372(55)","601.1239","0.0002","601.1239(2)","530232.2465","17307.850981","5.30(17)E+05","0.28591845693272455","0.007031949293897122","0.2859(70)","","","",""
"12s1/2","8p1/2","0.6410816","0.0068353","0.6411(68)","1342.9048","0.0014","1342.905(1)","171920.7178","3666.084614","1.719(37)E+05","0.09270523749023231","0.002112139083668495","0.0927(21)","","","",""
"12s1/2","8p3/2","0.7617040","0.0110160","0.762(11)","1449.0238","0.0015","1449.024(2)","193189.3793","5587.929734","1.932(56)E+05","0.10417399091257773","0.0029666576855293322","0.1042(30)","","","",""
"12s1/2","9p1/2","1.5300616","0.0187765","1.530(19)","2905.8837","0.0425","2905.88(4)","96654.1431","2372.230531","9.67(24)E+04","0.05211905466575458","0.0013673288079319292","0.0521(14)","","","",""
"12s1/2","9p3/2","1.7560353","0.0393921","1.756(39)","3131.5528","0.0494","3131.55(5)","101724.2719","4563.843244","1.017(46)E+05","0.0548530328919781","0.0024164614970377204","0.0549(24)","","","",""
"12s1/2","10p1/2","4.5136560","0.0576981","4.514(58)","6687.5139","0.2252","6687.5(2)","69008.1106","1764.276213","6.90(18)E+04","0.03721141561701272","0.0010215566592539744","0.0372(10)","","","",""
"12s1/2","10p3/2","5.3126380","0.1336253","5.31(13)","7345.3042","0.2717","7345.3(3)","72148.6812","3629.425768","7.21(36)E+04","0.03890491333051397","0.0019383625407340672","0.0389(19)","","","",""
"12s1/2","11p1/2","35.1901500","0.2627620","35.19(26)","25098.2597","3.1722","25098(3)","79350.3272","1185.386839","7.94(12)E+04","0.04278827486062948","0.0008036161939945146","0.04279(80)","","","",""
"12s1/2","11p3/2","57.9435120","0.4149030","57.94(41)","31456.0370","4.9829","31456(5)","109278.5485","1565.833785","1.093(16)E+05","0.05892654428986104","0.001070108272180296","0.0589(11)","","","",""
"13s1/2","7p1/2","0.2052792","0.0025928","0.2053(26)","530.1066","0.0002","530.1066(2)","286574.5020","7239.217313","2.866(72)E+05","0.2300798683578257","0.00510314847479222","0.2301(51)","","","",""
"13s1/2","7p3/2","0.2619408","0.0043066","0.2619(43)","582.1555","0.0002","582.1555(2)","352311.3154","11584.784896","3.52(12)E+05","0.28285747860664284","0.007026191078701603","0.2829(70)","","","",""
"13s1/2","8p1/2","0.4673683","0.0048816","0.4674(49)","1251.7871","0.0012","1251.787(1)","112814.3691","2356.662314","1.128(24)E+05","0.09057440565517035","0.0020349866906656544","0.0906(20)","","","",""
"13s1/2","8p3/2","0.5504108","0.0079672","0.5504(80)","1343.5022","0.0013","1343.502(1)","126559.8781","3663.910176","1.266(37)E+05","0.10161015680694276","0.0029012220893893104","0.1016(29)","","","",""
"13s1/2","9p1/2","0.9805481","0.0122866","0.981(12)","2510.4630","0.0317","2510.46(3)","61562.1318","1542.790518","6.16(15)E+04","0.04942591574590363","0.0013201593775995757","0.0494(13)","","","",""
"13s1/2","9p3/2","1.1027846","0.0252223","1.103(25)","2677.1332","0.0361","2677.13(4)","64210.9009","2937.195967","6.42(29)E+04","0.051552512637146664","0.0023193699155531922","0.0516(23)","","","",""
"13s1/2","10p1/2","2.1801888","0.0317018","2.180(32)","4908.3151","0.1213","4908.3(1)","40721.9162","1184.266464","4.07(12)E+04","0.032694091980520604","0.001001266515312101","0.0327(10)","","","",""
"13s1/2","10p3/2","2.4169811","0.0673070","2.417(67)","5253.6212","0.1390","5253.6(1)","40813.8492","2273.133651","4.08(23)E+04","0.032767901472455715","0.0018085156645071786","0.0328(18)","","","",""
"13s1/2","11p1/2","6.1787494","0.0876151","6.179(88)","10632.9927","0.5694","10633.0(6)","32171.5458","912.404189","3.217(91)E+04","0.025829321745860383","0.0007792726585107107","0.02583(78)","","","",""
"13s1/2","11p3/2","7.1242699","0.2058265","7.12(21)","11628.7318","0.6810","11628.7(7)","32697.9839","1889.356466","3.27(19)E+04","0.026251979120087802","0.0015105561154745502","0.0263(15)","","","",""
"13s1/2","12p1/2","47.2835310","0.3964470","47.28(40)","38379.0236","7.4176","38379(7)","40065.9412","672.264280","4.007(67)E+04","0.03216743436336053","0.0006520404510584196","0.03217(65)","","","",""
"13s1/2","12p3/2","77.4883910","0.6067280","77.49(61)","47989.4807","11.5976","47990(10)","55039.2423","862.829089","5.504(86)E+04","0.044188933508083166","0.0008517093351728511","0.04419(85)","","","",""
"14s1/2","7p1/2","0.1666633","0.0020933","0.1667(21)","519.9111","0.0002","519.9111(2)","200230.3440","5029.807754","2.002(50)E+05","0.2287734510067245","0.005060371487199878","0.2288(51)","","","",""
"14s1/2","7p3/2","0.2120212","0.0035094","0.2120(35)","569.8828","0.0002","569.8828(2)","246058.9638","8145.594196","2.461(81)E+05","0.2811350027657569","0.007037820979529773","0.2811(70)","","","",""
"14s1/2","8p1/2","0.3635668","0.0037440","0.3636(37)","1196.3862","0.0011","1196.386(1)","78197.2655","1610.546204","7.82(16)E+04","0.0893443917600847","0.001988532440152483","0.0893(20)","","","",""
"14s1/2","8p3/2","0.4259753","0.0061813","0.4260(62)","1279.8920","0.0012","1279.892(1)","87677.0913","2544.553202","8.77(25)E+04","0.10017557953417262","0.002869460118362531","0.1002(29)","","","",""
"14s1/2","9p1/2","0.7088583","0.0089585","0.7089(90)","2297.1317","0.0266","2297.13(3)","41995.0876","1061.462769","4.20(11)E+04","0.04798154429450417","0.0012915318780960003","0.0480(13)","","","",""
"14s1/2","9p3/2","0.7892835","0.0182083","0.789(18)","2435.8963","0.0299","2435.90(3)","43664.3449","2014.621476","4.37(20)E+04","0.04988875651303712","0.0022661593296629456","0.0499(23)","","","",""
"14s1/2","10p1/2","1.3796748","0.0207729","1.380(21)","4154.0574","0.0869","4154.06(9)","26901.3023","810.073904","2.690(81)E+04","0.03073611938483042","0.0009709970678460679","0.03074(97)","","","",""
"14s1/2","10p3/2","1.4953353","0.0428008","1.495(43)","4398.7464","0.0974","4398.7(1)","26615.0767","1523.601219","2.66(15)E+04","0.03040909198331067","0.0017268380225973106","0.0304(17)","","","",""
"14s1/2","11p1/2","2.9341286","0.0483147","2.934(48)","7631.2867","0.2933","7631.3(3)","19624.6664","646.301378","1.962(65)E+04","0.022422189187822808","0.0007711828935277738","0.02242(77)","","","",""
"14s1/2","11p3/2","3.1724136","0.1029866","3.17(10)","8130.9737","0.3329","8131.0(3)","18966.5895","1231.433418","1.90(12)E+04","0.02167030253836229","0.001401001665101062","0.0217(14)","","","",""
"14s1/2","12p1/2","8.0935681","0.1239333","8.09(12)","15860.8056","1.2668","15861(1)","16631.8913","509.369475","1.663(51)E+04","0.019002789951915084","0.0006155512516421525","0.01900(62)","","","",""
"14s1/2","12p3/2","9.1919770","0.2919962","9.19(29)","17291.9134","1.5058","17292(2)","16554.8790","1051.787363","1.66(11)E+04","0.018914799456951525","0.0012008690382746125","0.0189(12)","","","",""
"14s1/2","13p1/2","61.1197600","0.5502360","61.12(55)","55634.3709","15.5869","55630(20)","21977.1335","396.133053","2.198(40)E+04","0.025110003716943996","0.0005359404382909148","0.02511(54)","","","",""
"14s1/2","13p3/2","99.8121320","0.8286380","99.81(83)","69442.0333","24.2840","69440(20)","30139.5449","501.433530","3.014(50)E+04","0.03443597790558322","0.0006927587974198525","0.03444(69)","","","",""
"7p1/2","7s1/2","4.277","0.008","4.277(8)","817.1664","0.0002","817.1664(2)","33961294.6520","127047.164781","3.396(13)E+07","1.0","0.0","1.0","J. E. Simsarian, L. A. Orozco, G. D. Sprouse, and W. Z. Zhao, Phys. Rev. A 57, 2448 (1998)","https://doi.org/10.1103/PhysRevA.57.2448","",""
"7p3/2","7s1/2","5.898","0.015","5.898(15)","718.1845","0.0001","718.1845(1)","47567322.7781","241949.761544","4.757(24)E+07","1.0","0.0","1.0","J. E. Simsarian, L. A. Orozco, G. D. Sprouse, and W. Z. Zhao, Phys. Rev. A 57, 2448 (1998)","https://doi.org/10.1103/PhysRevA.57.2448","",""
"8p1/2","7s1/2","0.3277049","0.0325164","0.328(33)","432.6577","0.0001","432.6577(1)","1343290.3190","266574.990666","1.34(27)E+06","0.1738333044096435","0.03081679051172247","0.174(31)","","","",""
"8p1/2","8s1/2","10.0923700","0.0167440","10.092(17)","2964.7374","0.0267","2964.74(3)","3959724.1968","13139.396423","3.960(13)E+06","0.5124223199795875","0.038812010787605385","0.512(39)","","","",""
"8p1/2","6d3/2","2.7090224","0.2910290","2.71(29)","1452.8359","0.0064","1452.836(6)","2424447.8573","520914.582915","2.42(52)E+06","0.3137443756107689","0.04751329249583031","0.314(48)","","","",""
"8p3/2","7s1/2","0.9316865","0.0495250","0.932(50)","422.6845","0.0001","422.6845(1)","5822343.9198","618988.431476","5.82(62)E+06","0.45286028742536877","0.02877957170449082","0.453(29)","","","",""
"8p3/2","8s1/2","13.3603290","0.0325310","13.360(33)","2552.1103","0.0197","2552.11(2)","5439303.8392","26488.568717","5.439(26)E+06","0.4230675367124295","0.023082416116627716","0.423(23)","","","",""
"8p3/2","6d3/2","0.8647194","0.1207817","0.86(12)","1346.1784","0.0055","1346.178(5)","155256.5312","43371.636605","1.55(43)E+05","0.01207580972678569","0.0033968754233839956","0.0121(34)","","","",""
"8p3/2","6d5/2","2.7433289","0.3097321","2.74(31)","1383.3811","0.0058","1383.381(6)","1439917.2979","325144.104451","1.44(33)E+06","0.11199636613541593","0.023099764821539887","0.112(23)","","","",""
"9p1/2","7s1/2","0.1102706","0.0221772","0.110(22)","368.7559","0.0007","368.7559(7)","245663.0533","98813.621493","2.46(99)E+05","0.07539317277912588","0.02807051525723933","0.075(28)","","","",""
"9p1/2","8s1/2","0.9770242","0.0287100","0.977(29)","1355.3386","0.0107","1355.34(1)","388422.6269","22827.714041","3.88(23)E+05","0.11920561040964962","0.0074051076272486395","0.1192(74)","","","",""
"9p1/2","9s1/2","17.4449940","0.0624050","17.445(62)","6909.8472","0.3057","6909.8(3)","934487.7754","6686.932074","9.345(67)E+05","0.28679118563719924","0.010140808810945668","0.287(10)","","","",""
"9p1/2","6d3/2","0.7492072","0.0076856","0.7492(77)","918.4136","0.0049","918.414(5)","734050.9705","15060.250005","7.34(15)E+05","0.22527779784838867","0.008607093328116558","0.2253(86)","","","",""
"9p1/2","7d3/2","6.3036807","0.1644254","6.30(16)","3479.2532","0.0706","3479.25(7)","955801.2934","49862.334221","9.56(50)E+05","0.2933322333256366","0.01422997156381186","0.293(14)","","","",""
"9p3/2","7s1/2","0.4351017","0.0265076","0.435(27)","365.4143","0.0007","365.4143(7)","1965315.8908","239464.969042","1.97(24)E+06","0.35799540629624044","0.028246172727742665","0.358(28)","","","",""
"9p3/2","8s1/2","2.2295947","0.0320970","2.230(32)","1311.2656","0.0100","1311.27(1)","1116830.2051","32155.539720","1.117(32)E+06","0.20343807572819406","0.010173007252119365","0.203(10)","","","",""
"9p3/2","9s1/2","22.7012760","0.1237490","22.70(12)","5899.0090","0.2228","5899.0(2)","1271659.0444","13864.862482","1.272(14)E+06","0.23164118216525134","0.010545818039725425","0.232(11)","","","",""
"9p3/2","6d3/2","0.2546989","0.0108209","0.255(11)","897.9619","0.0047","897.962(5)","45382.4283","3856.151136","4.54(39)E+04","0.008266712194288175","0.0007890019814152637","0.00827(79)","","","",""
"9p3/2","6d5/2","0.8162727","0.0289593","0.816(29)","914.3643","0.0049","914.364(5)","441489.1951","31325.850716","4.41(31)E+05","0.08042020344306697","0.0063494799635616704","0.0804(63)","","","",""
"9p3/2","7d3/2","1.9787449","0.0723808","1.979(72)","3202.9005","0.0598","3202.90(6)","60361.0203","4415.910527","6.04(44)E+04","0.010995162699313702","0.0009357720671188377","0.01100(94)","","","",""
"9p3/2","7d5/2","6.4534536","0.1695557","6.45(17)","3296.7721","0.0634","3296.77(6)","588741.8508","30936.798479","5.89(31)E+05","0.10724325747364513","0.0069317958161119264","0.1072(69)","","","",""
"10p1/2","7s1/2","0.0557302","0.0151946","0.056(15)","344.0661","0.0006","344.0661(6)","77248.9772","42123.204641","7.7(42)E+04","0.04322212294679224","0.022563716488100474","0.043(23)","","","",""
"10p1/2","8s1/2","0.3826871","0.0155267","0.383(16)","1072.4781","0.0067","1072.478(7)","120270.6611","9759.443281","1.203(98)E+05","0.06729349029576148","0.0054611323753145655","0.0673(55)","","","",""
"10p1/2","9s1/2","1.8410636","0.0415917","1.841(42)","2947.0880","0.0556","2947.09(6)","134151.5176","6061.272468","1.342(61)E+05","0.07506006674708095","0.003843871117947385","0.0751(38)","","","",""
"10p1/2","10s1/2","26.6199680","0.1140560","26.62(11)","13270.2906","0.8868","13270.3(9)","307192.8257","2633.119059","3.072(26)E+05","0.1718796358611958","0.005257838837142788","0.1719(53)","","","",""
"10p1/2","6d3/2","0.4056164","0.0088312","0.4056(88)","779.1615","0.0035","779.161(4)","352359.4301","15343.347809","3.52(15)E+05","0.19715112291914139","0.008895930217434435","0.1972(89)","","","",""
"10p1/2","7d3/2","1.8556959","0.0451298","1.856(45)","2074.6242","0.0251","2074.62(3)","390690.2633","19002.874722","3.91(19)E+05","0.218597879215793","0.010297365869586666","0.219(10)","","","",""
"10p1/2","8d3/2","11.2977700","0.2513390","11.30(25)","6832.8274","0.2357","6832.8(2)","405341.8315","18035.149625","4.05(18)E+05","0.2267956820142351","0.010064378758536531","0.227(10)","","","",""
"10p3/2","7s1/2","0.2702791","0.0181378","0.270(18)","342.4882","0.0006","342.4882(6)","921076.2255","123622.554424","9.2(12)E+05","0.31468096213869234","0.029118986817850818","0.315(29)","","","",""
"10p3/2","8s1/2","1.0502896","0.0206929","1.050(21)","1057.2937","0.0065","1057.294(7)","472757.6094","18628.627785","4.73(19)E+05","0.1615152093386525","0.008753553013528407","0.1615(88)","","","",""
"10p3/2","9s1/2","3.8789810","0.0456060","3.879(46)","2835.1984","0.0515","2835.20(5)","334420.0020","7863.714476","3.344(79)E+05","0.11425287624392969","0.00549450146631629","0.1143(55)","","","",""
"10p3/2","10s1/2","34.3024440","0.2260430","34.30(23)","11267.9484","0.6394","11267.9(6)","416603.4779","5491.046360","4.166(55)E+05","0.142330438717556","0.006381747953482579","0.1423(64)","","","",""
"10p3/2","6d3/2","0.1377159","0.0029794","0.1377(30)","771.1159","0.0035","771.116(3)","20951.5710","906.549117","2.095(91)E+04","0.007157996641733017","0.0004372545183265521","0.00716(44)","","","",""
"10p3/2","6d5/2","0.4418354","0.0083807","0.4418(84)","783.1804","0.0036","783.180(4)","205846.2092","7808.950747","2.058(78)E+05","0.07032630024200812","0.003930003509343097","0.0703(39)","","","",""
"10p3/2","7d3/2","0.6360414","0.0182892","0.636(18)","2018.5464","0.0238","2018.55(2)","24915.0562","1432.851800","2.49(14)E+04","0.008512101009323618","0.0006100966522682017","0.00851(61)","","","",""
"10p3/2","7d5/2","2.0588047","0.0498470","2.059(50)","2055.4309","0.0246","2055.43(2)","247245.8439","11972.448847","2.47(12)E+05","0.08447027280839213","0.0052308933971599286","0.0845(52)","","","",""
"10p3/2","8d3/2","3.5607115","0.1162827","3.56(12)","6260.0435","0.1979","6260.0(2)","26178.7464","1709.848450","2.62(17)E+04","0.0089438342590407","0.0006971483410249882","0.00894(70)","","","",""
"10p3/2","8d5/2","11.6423980","0.3417090","11.64(34)","6440.3236","0.2094","6440.3(2)","257021.3042","15087.375313","2.57(15)E+05","0.08781000860067205","0.00603707402645378","0.0878(60)","","","",""
"11p1/2","7s1/2","0.0342736","0.0113928","0.034(11)","331.5532","0.0006","331.5532(6)","32651.0380","21706.896628","3.3(22)E+04","0.029569823902705544","0.019087404311114248","0.030(19)","","","",""
"11p1/2","8s1/2","0.2142310","0.0085333","0.2142(85)","959.5925","0.0054","959.593(5)","52618.8535","4191.853398","5.26(42)E+04","0.047653315978367465","0.0038640538877134606","0.0477(39)","","","",""
"11p1/2","9s1/2","0.7399284","0.0157640","0.740(16)","2227.1368","0.0318","2227.14(3)","50208.3605","2139.355628","5.02(21)E+04","0.04547029641243227","0.0022662087591189804","0.0455(23)","","","",""
"11p1/2","10s1/2","2.9101583","0.0574767","2.910(57)","5404.0821","0.1471","5404.1(1)","54363.1627","2147.389622","5.44(21)E+04","0.04923301811046486","0.002330220437527832","0.0492(23)","","","",""
"11p1/2","11s1/2","37.6428570","0.1828820","37.64(18)","22616.1964","2.5758","22616(3)","124091.9955","1206.508777","1.241(12)E+05","0.112381678373059","0.0033841208705501346","0.1124(34)","","","",""
"11p1/2","6d3/2","0.2697770","0.0069257","0.2698(69)","717.8133","0.0030","717.813(3)","199348.3909","10235.321707","1.99(10)E+05","0.18053627598117758","0.009058948027463798","0.1805(91)","","","",""
"11p1/2","7d3/2","0.9993508","0.0284163","0.999(28)","1690.0342","0.0167","1690.03(2)","209597.8173","11919.728812","2.10(12)E+05","0.18981848426194897","0.01011544915447862","0.190(10)","","","",""
"11p1/2","8d3/2","3.3516349","0.1003396","3.35(10)","3905.6199","0.0770","3905.62(8)","191020.8574","11437.382859","1.91(11)E+05","0.17299459542823797","0.00975256375558131","0.1730(98)","","","",""
"11p1/2","9d3/2","17.6581780","0.5473570","17.66(55)","11840.3027","0.7078","11840.3(7)","190300.8255","11797.697904","1.90(12)E+05","0.17234251155160624","0.009978195959786013","0.172(10)","","","",""
"11p3/2","7s1/2","0.1911172","0.0136451","0.191(14)","330.6703","0.0005","330.6703(5)","511706.7644","73068.148505","5.12(73)E+05","0.29072500741262075","0.02956715883657749","0.291(30)","","","",""
"11p3/2","8s1/2","0.6533443","0.0030836","0.6533(31)","952.2340","0.0053","952.234(5)","250415.0501","2363.779866","2.504(24)E+05","0.14227272797547139","0.006156922607256983","0.1423(62)","","","",""
"11p3/2","9s1/2","1.8111325","0.0206176","1.811(21)","2187.8966","0.0307","2187.90(3)","158645.3727","3611.985770","1.586(36)E+05","0.09013399931149596","0.00426014611099211","0.0901(43)","","","",""
"11p3/2","10s1/2","5.8939340","0.0622188","5.894(62)","5178.7095","0.1351","5178.7(1)","126693.1702","2674.869159","1.267(27)E+05","0.07198042980279586","0.0033689647992711587","0.0720(34)","","","",""
"11p3/2","11s1/2","48.1880720","0.3609780","48.19(36)","19131.7624","1.8433","19132(2)","167966.0401","2516.943502","1.680(25)E+05","0.09542951478350772","0.004257812060160365","0.0954(43)","","","",""
"11p3/2","6d3/2","0.0911405","0.0010675","0.0911(11)","713.6877","0.0030","713.688(3)","11574.5845","271.138971","1.157(27)E+04","0.00657607324256945","0.0003188242841886925","0.00658(32)","","","",""
"11p3/2","6d5/2","0.2925155","0.0032065","0.2925(32)","724.0102","0.0031","724.010(3)","114201.2924","2503.706677","1.142(25)E+05","0.06488319853520433","0.003062110956243732","0.0649(31)","","","",""
"11p3/2","7d3/2","0.3477446","0.0124552","0.348(12)","1667.3419","0.0162","1667.34(2)","13214.6018","946.617272","1.321(95)E+04","0.007507845271872603","0.0006219933149661011","0.00751(62)","","","",""
"11p3/2","7d5/2","1.1237476","0.0328898","1.124(33)","1692.4282","0.0167","1692.43(2)","131951.4223","7723.898933","1.320(77)E+05","0.07496789351782587","0.005151404912780316","0.0750(52)","","","",""
"11p3/2","8d3/2","1.1657213","0.0492977","1.166(49)","3786.5263","0.0724","3786.53(7)","12678.6748","1072.348341","1.27(11)E+04","0.0072033595909867364","0.0006780175103050919","0.00720(68)","","","",""
"11p3/2","8d5/2","3.7589751","0.1301352","3.76(13)","3851.7433","0.0749","3851.74(7)","125248.9806","8672.207979","1.252(87)E+05","0.07115991686529013","0.005475551157414377","0.0712(55)","","","",""
"11p3/2","9d3/2","5.5928123","0.2485324","5.59(25)","10809.6071","0.5899","10809.6(6)","12544.0585","1114.863184","1.25(11)E+04","0.00712687766863","0.0006981189431417467","0.00713(70)","","","",""
"11p3/2","9d5/2","18.2772520","0.6982950","18.28(70)","11113.7908","0.6236","11113.8(6)","123265.7623","9418.929540","1.233(94)E+05","0.07003315602172928","0.005787780471997086","0.0700(58)","","","",""
"12p1/2","7s1/2","0.0236376","0.0089960","0.0236(90)","324.2439","0.0005","324.2439(5)","16604.6061","12638.765093","1.7(13)E+04","0.02262404780524787","0.01683788695403209","0.023(17)","","","",""
"12p1/2","8s1/2","0.1421204","0.0058656","0.1421(59)","900.8197","0.0047","900.820(5)","27992.1632","2310.587861","2.80(23)E+04","0.038139780793814915","0.0032019694459019202","0.0381(32)","","","",""
"12p1/2","9s1/2","0.4244101","0.0131869","0.424(13)","1934.2435","0.0240","1934.24(2)","25215.9492","1566.976189","2.52(16)E+04","0.03435714380209994","0.0022661943760449678","0.0344(23)","","","",""
"12p1/2","10s1/2","1.1775290","0.0263416","1.178(26)","3952.0021","0.0787","3952.00(8)","22757.7342","1018.192612","2.28(10)E+04","0.031007785513529774","0.0015907860556956558","0.0310(16)","","","",""
"12p1/2","11s1/2","4.1952466","0.0762620","4.195(76)","8912.0920","0.4000","8912.1(4)","25189.1385","915.792293","2.519(92)E+04","0.034320613697890114","0.0015292810731934712","0.0343(15)","","","",""
"12p1/2","12s1/2","50.5258950","0.2678030","50.53(27)","35527.0076","6.3561","35527(6)","57675.2458","612.176753","5.768(61)E+04","0.078583466923872","0.002290213524102371","0.0786(23)","","","",""
"12p1/2","6d3/2","0.1984763","0.0054545","0.1985(55)","684.4107","0.0027","684.411(3)","124481.3395","6841.960297","1.245(68)E+05","0.16960786364689176","0.00889534447093555","0.1696(89)","","","",""
"12p1/2","7d3/2","0.6614249","0.0200415","0.661(20)","1515.8520","0.0134","1515.85(1)","127241.2624","7710.946490","1.272(77)E+05","0.1733683039103326","0.009735672620367598","0.1734(97)","","","",""
"12p1/2","8d3/2","1.7931804","0.0547827","1.793(55)","3086.1121","0.0481","3086.11(5)","110828.1766","6771.731978","1.108(68)E+05","0.1510052056937046","0.008753409869542065","0.1510(88)","","","",""
"12p1/2","9d3/2","5.2306065","0.1623567","5.23(16)","6559.6009","0.2172","6559.6(2)","98199.4752","6096.181450","9.82(61)E+04","0.13379839321284662","0.008002206839768296","0.1338(80)","","","",""
"12p1/2","10d3/2","25.3850590","0.8929450","25.39(89)","18831.7533","1.7859","18832(2)","97751.0416","6877.038777","9.78(69)E+04","0.13318739499976998","0.008820052216178919","0.1332(88)","","","",""
"12p3/2","7s1/2","0.1454179","0.0108176","0.145(11)","323.6962","0.0005","323.6962(5)","315813.0370","46986.500436","3.16(47)E+05","0.2755488326126415","0.0298354946287854","0.276(30)","","","",""
"12p3/2","8s1/2","0.4631241","0.0046312","0.4631(46)","896.6053","0.0047","896.605(5)","150729.4839","3014.563918","1.507(30)E+05","0.13151240916140677","0.006000781406274895","0.1315(60)","","","",""
"12p3/2","9s1/2","1.1243575","0.0245773","1.124(25)","1914.9164","0.0235","1914.92(2)","91194.0870","3986.819544","9.12(40)E+04","0.07956740625467255","0.004635669660389946","0.0796(46)","","","",""
"12p3/2","10s1/2","2.7310530","0.0321330","2.731(32)","3872.1524","0.0755","3872.15(8)","65074.4126","1531.308664","6.51(15)E+04","0.056777828388559846","0.002709962637791705","0.0568(27)","","","",""
"12p3/2","11s1/2","8.2881627","0.0818655","8.288(82)","8516.0668","0.3652","8516.1(4)","56338.6800","1112.982983","5.63(11)E+04","0.049155847577902104","0.002273489831945029","0.0492(23)","","","",""
"12p3/2","12s1/2","64.3756240","0.5242870","64.38(52)","29970.9881","4.5235","29971(5)","77973.5013","1270.551885","7.80(13)E+04","0.06803236327379421","0.00305510796808282","0.0680(31)","","","",""
"12p3/2","6d3/2","0.0667761","0.0003930","0.06678(39)","681.9752","0.0027","681.975(3)","7121.0443","83.819566","7.121(84)E+03","0.006213155316729921","0.0002725337486546704","0.00621(27)","","","",""
"12p3/2","6d5/2","0.2143575","0.0013306","0.2144(13)","691.3946","0.0028","691.395(3)","70421.7290","874.270292","7.042(87)E+04","0.061443395123702636","0.0026940027409584804","0.0614(27)","","","",""
"12p3/2","7d3/2","0.2310873","0.0091282","0.2311(91)","1503.9562","0.0132","1503.96(1)","7951.5894","628.192914","7.95(63)E+03","0.006937811024145762","0.0006182817458815551","0.00694(62)","","","",""
"12p3/2","7d5/2","0.7464750","0.0238819","0.746(24)","1524.3368","0.0135","1524.34(1)","79688.3892","5098.925772","7.97(51)E+04","0.06952861360527496","0.005067524355319214","0.0695(51)","","","",""
"12p3/2","8d3/2","0.6373227","0.0284543","0.637(28)","3037.2030","0.0466","3037.20(5)","7343.5259","655.727202","7.34(66)E+03","0.006407271835442661","0.0006296861969286845","0.00641(63)","","","",""
"12p3/2","8d5/2","2.0479461","0.0736888","2.048(74)","3079.0197","0.0479","3079.02(5)","72779.1497","5237.451645","7.28(52)E+04","0.06350025932467544","0.0050434877908984745","0.0635(50)","","","",""
"12p3/2","9d3/2","1.8394634","0.0845865","1.839(85)","6342.5095","0.2031","6342.5(2)","6717.4779","617.797836","6.72(62)E+03","0.005861041105531501","0.0005903764412033157","0.00586(59)","","","",""
"12p3/2","9d5/2","5.9105227","0.2203080","5.91(22)","6446.0277","0.2098","6446.0(2)","66066.6957","4925.125852","6.61(49)E+04","0.057643601545990235","0.004719705245519307","0.0576(47)","","","",""
"12p3/2","10d3/2","8.0755862","0.4034940","8.08(40)","17146.8352","1.4806","17147(1)","6552.4469","654.783892","6.55(65)E+03","0.00571705051209215","0.000617308616238922","0.00572(62)","","","",""
"12p3/2","10d5/2","26.3625290","1.1159540","26.4(11)","17619.4378","1.5634","17619(2)","64358.4119","5448.747512","6.44(54)E+04","0.05615311333743761","0.005069350269596435","0.0562(51)","","","",""
"13p1/2","7s1/2","0.0175540","0.0073539","0.0176(74)","319.5734","0.0005","319.5734(5)","9564.8421","8014.001649","9.6(80)E+03","0.018631563722104578","0.01532468905445463","0.019(15)","","","",""
"13p1/2","8s1/2","0.1037227","0.0034433","0.1037(34)","865.6705","0.0044","865.670(4)","16800.6914","1115.470812","1.68(11)E+04","0.032726431686442736","0.0022662253888819637","0.0327(23)","","","",""
"13p1/2","9s1/2","0.2863172","0.0114058","0.286(11)","1779.1315","0.0203","1779.13(2)","14747.1481","1174.941898","1.47(12)E+04","0.02872629007764306","0.002344064900023942","0.0287(23)","","","",""
"13p1/2","10s1/2","0.6762961","0.0217264","0.676(22)","3354.4631","0.0567","3354.46(6)","12275.5800","788.720340","1.228(79)E+04","0.023911868977357913","0.0016228975637753089","0.0239(16)","","","",""
"13p1/2","11s1/2","1.7011464","0.0403816","1.701(40)","6358.0430","0.2036","6358.0(2)","11406.4449","541.530625","1.141(54)E+04","0.02221886172266313","0.001181855645226986","0.0222(12)","","","",""
"13p1/2","12s1/2","5.6972224","0.0978979","5.697(98)","13657.1722","0.9393","13657.2(9)","12908.6641","443.638601","1.291(44)E+04","0.02514506726984246","0.0010660061347122344","0.0251(11)","","","",""
"13p1/2","13s1/2","65.2739290","0.3677920","65.27(37)","52581.4882","13.9232","52580(10)","29690.5471","335.418538","2.969(34)E+04","0.05783486165915901","0.0016239227878363576","0.0578(16)","","","",""
"13p1/2","6d3/2","0.1550207","0.0044200","0.1550(44)","663.9291","0.0026","663.929(3)","83186.2703","4743.667427","8.32(47)E+04","0.16204034285241112","0.008686188577345315","0.1620(87)","","","",""
"13p1/2","7d3/2","0.4854464","0.0152572","0.485(15)","1418.9046","0.0117","1418.90(1)","83571.8969","5253.198888","8.36(53)E+04","0.16279151314910603","0.00940857554493786","0.1628(94)","","","",""
"13p1/2","8d3/2","1.1808397","0.0364668","1.181(36)","2709.2466","0.0371","2709.25(4)","71035.1949","4387.431788","7.10(44)E+04","0.13837099914507192","0.00810934531673735","0.1384(81)","","","",""
"13p1/2","9d3/2","2.7802044","0.0832809","2.780(83)","5062.7195","0.1294","5062.7(1)","60344.7046","3615.248885","6.03(36)E+04","0.11754676089290923","0.006875179675627906","0.1175(69)","","","",""
"13p1/2","10d3/2","7.4895074","0.2323407","7.49(23)","10185.8095","0.5225","10185.8(5)","53772.1209","3336.264982","5.38(33)E+04","0.10474388225594962","0.006387349634543201","0.1047(64)","","","",""
"13p1/2","11d3/2","34.4799510","1.2919560","34.5(13)","28137.7059","3.9871","28138(4)","54063.5465","4051.563012","5.41(41)E+04","0.1053115565893393","0.007527219098528877","0.1053(75)","","","",""
"13p3/2","7s1/2","0.1159723","0.0088761","0.1160(89)","319.2088","0.0005","319.2088(5)","209455.3263","32061.904834","2.09(32)E+05","0.2656579413195851","0.029979042573023914","0.266(30)","","","",""
"13p3/2","8s1/2","0.3535030","0.0035350","0.3535(35)","863.0004","0.0043","863.000(4)","98482.8291","1969.640427","9.85(20)E+04","0.12490847612636437","0.005659524778177115","0.1249(57)","","","",""
"13p3/2","9s1/2","0.7876907","0.0098335","0.7877(98)","1767.8902","0.0200","1767.89(2)","56879.1258","1420.154892","5.69(14)E+04","0.0721413568958057","0.003449476305871343","0.0721(34)","","","",""
"13p3/2","10s1/2","1.6846693","0.0275187","1.685(28)","3314.7234","0.0553","3314.72(6)","39472.5122","1289.551009","3.95(13)E+04","0.05006407102661974","0.0026078078454954035","0.0501(26)","","","",""
"13p3/2","11s1/2","3.8149235","0.0475497","3.815(48)","6216.7752","0.1946","6216.8(2)","30681.9874","764.853949","3.068(76)E+04","0.03891480708946168","0.0018767802982108655","0.0389(19)","","","",""
"13p3/2","12s1/2","11.0639420","0.1044690","11.06(10)","13021.5794","0.8539","13021.6(9)","28082.5222","530.355670","2.808(53)E+04","0.035617833894140326","0.001626035087065672","0.0356(16)","","","",""
"13p3/2","13s1/2","82.8690020","0.7171300","82.87(72)","44263.2602","9.8665","44260(10)","40110.8013","694.737971","4.011(69)E+04","0.050873630593760884","0.0022878124989419877","0.0509(23)","","","",""
"13p3/2","6d3/2","0.0519904","0.0003000","0.05199(30)","662.3574","0.0026","662.357(3)","4711.6879","54.375696","4.712(54)E+03","0.005975963125226983","0.0002594190711915849","0.00598(26)","","","",""
"13p3/2","6d5/2","0.1669139","0.0010675","0.1669(11)","671.2391","0.0026","671.239(3)","46661.6931","596.851172","4.666(60)E+04","0.05918230655745189","0.002577738203888612","0.0592(26)","","","",""
"13p3/2","7d3/2","0.1697871","0.0071183","0.1698(71)","1411.7454","0.0116","1411.75(1)","5189.7629","435.160160","5.19(44)E+03","0.006582318765605987","0.0006136433092344194","0.00658(61)","","","",""
"13p3/2","7d5/2","0.5484372","0.0185554","0.548(19)","1429.6886","0.0119","1429.69(1)","52135.8835","3527.850547","5.21(35)E+04","0.06612537246640746","0.005003763109932292","0.0661(50)","","","",""
"13p3/2","8d3/2","0.4229156","0.0195202","0.423(20)","2683.2650","0.0364","2683.26(4)","4689.4730","432.897055","4.69(43)E+03","0.005947787301848135","0.0005999045300151819","0.00595(60)","","","",""
"13p3/2","8d5/2","1.3572741","0.0501982","1.357(50)","2715.8511","0.0372","2715.85(4)","46582.6913","3445.682222","4.66(34)E+04","0.05908210643377576","0.004791765988646946","0.0591(48)","","","",""
"13p3/2","9d3/2","1.0026195","0.0462617","1.003(46)","4972.7419","0.1248","4972.7(1)","4140.8724","382.126741","4.14(38)E+03","0.005251982179324322","0.0005298865380064554","0.00525(53)","","","",""
"13p3/2","9d5/2","3.2070829","0.1183909","3.21(12)","5036.1520","0.1281","5036.2(1)","40787.8859","3011.407715","4.08(30)E+04","0.051732395532340186","0.004215441340786928","0.0517(42)","","","",""
"13p3/2","10d3/2","2.6559042","0.1252262","2.66(13)","9828.0291","0.4864","9828.0(5)","3763.8544","354.932812","3.76(35)E+03","0.0047737999322416125","0.0004905767692450327","0.00477(49)","","","",""
"13p3/2","10d5/2","8.5098670","0.3237183","8.51(32)","9981.4843","0.5017","9981.5(5)","36886.5019","2806.356229","3.69(28)E+04","0.046784163088425805","0.00391412226539298","0.0468(39)","","","",""
"13p3/2","11d3/2","11.0087960","0.5839030","11.01(58)","25566.6202","3.2917","25567(3)","3673.3897","389.673399","3.67(39)E+03","0.004659061005174408","0.0005291879858811047","0.00466(53)","","","",""
"13p3/2","11d5/2","35.8989080","1.6020700","35.9(16)","26259.3319","3.4725","26259(3)","36051.1210","3217.757488","3.61(32)E+04","0.04572462666643956","0.004335617132722442","0.0457(43)","","","",""
"14p1/2","7s1/2","0.0137178","0.0061652","0.0137(62)","316.3961","0.0005","316.3961(5)","6018.8399","5410.102454","6.0(54)E+03","0.016126186071531583","0.01426513238453246","0.016(14)","","","",""
"14p1/2","8s1/2","0.0804083","0.0028441","0.0804(28)","842.7461","0.0041","842.746(4)","10943.3127","774.145863","1.094(77)E+04","0.029320251120020416","0.0021395035142363506","0.0293(21)","","","",""
"14p1/2","9s1/2","0.2115777","0.0098255","0.2116(98)","1684.9342","0.0182","1684.93(2)","9480.4355","880.527813","9.48(88)E+03","0.02540078648949022","0.0023830641281426743","0.0254(24)","","","",""
"14p1/2","10s1/2","0.4562253","0.0179036","0.456(18)","3034.5947","0.0464","3034.59(5)","7545.6032","592.222680","7.55(59)E+03","0.02021681980777018","0.0016330257229607772","0.0202(16)","","","",""
"14p1/2","11s1/2","0.9760720","0.0315545","0.976(32)","5299.3019","0.1414","5299.3(1)","6485.5234","419.328911","6.49(42)E+03","0.017376564025479217","0.001184781368466292","0.0174(12)","","","",""
"14p1/2","12s1/2","2.3111013","0.0564530","2.311(56)","9556.1548","0.4599","9556.2(5)","6200.4862","302.918417","6.20(30)E+03","0.0166128681182675","0.0008978882652134676","0.01661(90)","","","",""
"14p1/2","13s1/2","7.4160833","0.1224251","7.42(12)","19825.1029","1.9793","19825(2)","7150.5617","236.093424","7.15(24)E+03","0.019158390996350316","0.0007810730525411794","0.01916(78)","","","",""
"14p1/2","14s1/2","81.8889910","0.4825200","81.89(48)","74357.7351","27.8437","74360(30)","16523.7986","195.611292","1.652(20)E+04","0.044271961977225154","0.001205533174115443","0.0443(12)","","","",""
"14p1/2","6d3/2","0.1259703","0.0036715","0.1260(37)","650.3608","0.0025","650.361(2)","58440.0432","3406.558891","5.84(34)E+04","0.15657751779944853","0.008500847713650424","0.1566(85)","","","",""
"14p1/2","7d3/2","0.3789276","0.0121981","0.379(12)","1358.3413","0.0108","1358.34(1)","58039.4210","3736.707008","5.80(37)E+04","0.1555041367380678","0.009159798992221701","0.1555(92)","","","",""
"14p1/2","8d3/2","0.8639623","0.0269111","0.864(27)","2496.6962","0.0315","2496.70(3)","48588.0836","3026.889061","4.86(30)E+04","0.13018131245995998","0.0076842429615796804","0.1302(77)","","","",""
"14p1/2","9d3/2","1.8215582","0.0537493","1.822(54)","4367.8556","0.0963","4367.9(1)","40338.3948","2380.557311","4.03(24)E+04","0.10807804684130784","0.006249553952493559","0.1081(62)","","","",""
"14p1/2","10d3/2","3.9567546","0.1144739","3.96(11)","7716.1208","0.2998","7716.1(3)","34523.7914","1997.637693","3.45(20)E+04","0.0924990685793729","0.005347729995052765","0.0925(53)","","","",""
"14p1/2","11d3/2","10.1267120","0.3106890","10.13(31)","14933.7316","1.1231","14934(1)","31193.8664","1914.077671","3.12(19)E+04","0.08357725113618072","0.005117716945444058","0.0836(51)","","","",""
"14p1/2","12d3/2","44.9442490","1.7460040","44.9(17)","40089.1583","8.0934","40089(8)","31761.7742","2467.851652","3.18(25)E+04","0.08509883783952761","0.006381477414391604","0.0851(64)","","","",""
"14p3/2","7s1/2","0.0955667","0.0074659","0.0956(75)","316.1407","0.0005","316.1407(5)","146412.9343","22876.259759","1.46(23)E+05","0.2582880814288403","0.0300444858364938","0.258(30)","","","",""
"14p3/2","8s1/2","0.2829107","0.0028291","0.2829(28)","840.9361","0.0041","840.936(4)","68173.7335","1363.471665","6.82(14)E+04","0.12026576005251216","0.005422570915523754","0.1203(54)","","","",""
"14p3/2","9s1/2","0.6004381","0.0080096","0.6004(80)","1677.7144","0.0180","1677.71(2)","38671.3818","1031.721757","3.87(10)E+04","0.06822045514958495","0.0033027628648788546","0.0682(33)","","","",""
"14p3/2","10s1/2","1.1881871","0.0325337","1.188(33)","3011.2564","0.0457","3011.26(5)","26189.8966","1434.209363","2.62(14)E+04","0.04620177971002025","0.0030823637904138974","0.0462(31)","","","",""
"14p3/2","11s1/2","2.3393290","0.0388651","2.339(39)","5228.5367","0.1377","5228.5(1)","19393.1982","644.390522","1.939(64)E+04","0.03421167660392451","0.0017965839094633439","0.0342(18)","","","",""
"14p3/2","12s1/2","5.0628158","0.0646496","5.063(65)","9328.4800","0.4382","9328.5(4)","15994.0670","408.478529","1.599(41)E+04","0.028215245389337475","0.0013662168640088883","0.0282(14)","","","",""
"14p3/2","13s1/2","14.2206650","0.1300390","14.22(13)","18869.6691","1.7931","18870(2)","15245.9424","278.862900","1.525(28)E+04","0.026895473649589913","0.0012164742275739622","0.0269(12)","","","",""
"14p3/2","14s1/2","103.6752600","0.9348000","103.68(93)","62490.2359","19.6652","62490(20)","22311.1055","402.892319","2.231(40)E+04","0.03935917724052223","0.0017731658798452131","0.0394(18)","","","",""
"14p3/2","6d3/2","0.0421548","0.0002950","0.04215(30)","649.2823","0.0025","649.282(2)","3288.5208","46.026263","3.289(46)E+03","0.005801302553342028","0.00025438425227788827","0.00580(25)","","","",""
"14p3/2","6d5/2","0.1353466","0.0009829","0.13535(98)","657.8147","0.0025","657.815(3)","32598.0293","473.460183","3.260(47)E+04","0.05750641143344042","0.0025170819687466714","0.0575(25)","","","",""
"14p3/2","7d3/2","0.1325692","0.0057699","0.1326(58)","1353.6452","0.0107","1353.65(1)","3589.0376","312.416294","3.59(31)E+03","0.006331446414005555","0.0006076360739619127","0.00633(61)","","","",""
"14p3/2","7d5/2","0.4282406","0.0150102","0.428(15)","1370.1333","0.0109","1370.13(1)","36115.5756","2531.763896","3.61(25)E+04","0.06371173955915649","0.004942168075227965","0.0637(49)","","","",""
"14p3/2","8d3/2","0.3104874","0.0146446","0.310(15)","2480.8768","0.0311","2480.88(3)","3198.0091","301.677734","3.20(30)E+03","0.005641630193926944","0.0005788507214507055","0.00564(58)","","","",""
"14p3/2","8d5/2","0.9959150","0.0375277","0.996(38)","2508.7071","0.0318","2508.71(3)","31820.1329","2398.069215","3.18(24)E+04","0.05613411891285573","0.00461910606646189","0.0561(46)","","","",""
"14p3/2","9d3/2","0.6634019","0.0308003","0.663(31)","4319.6675","0.0942","4319.67(9)","2765.7300","256.813662","2.77(26)E+03","0.0048790436773304986","0.000494379773930932","0.00488(49)","","","",""
"14p3/2","9d5/2","2.1182050","0.0782432","2.118(78)","4367.4359","0.0963","4367.4(1)","27281.2134","2015.452035","2.73(20)E+04","0.0481269793023412","0.003928066010916568","0.0481(39)","","","",""
"14p3/2","10d3/2","1.4423178","0.0661956","1.442(66)","7566.9982","0.2884","7567.0(3)","2431.9708","223.232201","2.43(22)E+03","0.004290256635556598","0.00043078947018901186","0.00429(43)","","","",""
"14p3/2","10d5/2","4.5975228","0.1680629","4.60(17)","7657.6421","0.2953","7657.6(3)","23843.4941","1743.204748","2.38(17)E+04","0.04206247476213843","0.003423539166907901","0.0421(34)","","","",""
"14p3/2","11d3/2","3.6148890","0.1711592","3.61(17)","14385.0740","1.0421","14385(1)","2223.6219","210.570420","2.22(21)E+03","0.003922706947734258","0.00040436885512171026","0.00392(40)","","","",""
"14p3/2","11d5/2","11.5566880","0.4401440","11.56(44)","14601.8016","1.0737","14602(1)","21729.7518","1655.190482","2.17(17)E+04","0.03833360714043424","0.0032269628310005456","0.0383(32)","","","",""
"14p3/2","12d3/2","14.3949400","0.7886910","14.39(79)","36365.7522","6.6598","36366(7)","2182.4752","239.156280","2.18(24)E+03","0.003850119688956452","0.00044973191141917725","0.00385(45)","","","",""
"14p3/2","12d5/2","46.8915210","2.1557040","46.9(22)","37336.4198","7.0200","37336(7)","21399.2199","1967.573289","2.14(20)E+04","0.03775051355444931","0.0036881583233958613","0.0378(37)","","","",""
"6d3/2","7p1/2","7.2410742","0.0347569","7.241(35)","2504.7208","0.0189","2504.72(2)","1690189.3412","16225.743024","1.690(16)E+06","0.9606591400658427","0.0007319071141470999","0.96066(73)","","","",""
"6d3/2","7p3/2","3.3384778","0.0280753","3.338(28)","4336.7542","0.0565","4336.75(6)","69216.5404","1164.171522","6.92(12)E+04","0.03934085993415727","0.0007319071141471001","0.03934(73)","","","",""
"6d5/2","7p3/2","10.2440520","0.0701430","10.244(70)","3990.9931","0.0479","3990.99(5)","557463.7934","7634.150620","5.575(76)E+05","1.0","0.0","1.0","","","",""
"7d3/2","7p1/2","3.4784839","0.0713688","3.478(71)","832.8738","0.0021","832.874(2)","10608395.8431","435309.471427","1.061(44)E+07","0.7881176209352965","0.008561751581675929","0.7881(86)","","","",""
"7d3/2","7p3/2","2.1603967","0.0364423","2.160(36)","968.9892","0.0028","968.989(3)","2598468.5090","87663.688916","2.598(88)E+06","0.19304509839523037","0.008160638018286249","0.1930(82)","","","",""
"7d3/2","8p1/2","18.3378560","0.0433590","18.338(43)","8841.1858","0.2377","8841.2(2)","246475.0040","1165.726735","2.465(12)E+05","0.018311090256736082","0.0006100219388120889","0.01831(61)","","","",""
"7d3/2","8p3/2","8.3417586","0.0209297","8.342(21)","17072.8876","0.8822","17072.9(9)","7082.7451","35.558556","7.083(36)E+03","0.0005261904127370348","1.7558320141153594e-05","0.000526(18)","","","",""
"7d5/2","7p3/2","6.1496471","0.0912359","6.150(91)","960.7134","0.0028","960.713(3)","14402403.0140","427346.882126","1.440(43)E+07","0.9954045712698973","0.00013755022136422","0.99540(14)","","","",""
"7d5/2","8p3/2","25.3238640","0.0617370","25.324(62)","14823.0718","0.6650","14823.1(7)","66490.7702","324.318931","6.649(32)E+04","0.004595428730102687","0.00013755022136422115","0.00460(14)","","","",""
"8d3/2","7p1/2","1.8120451","0.0185753","1.812(19)","650.9040","0.0003","650.9040(3)","6031071.0457","123649.189817","6.03(12)E+06","0.6535259967431867","0.008140457283978093","0.6535(81)","","","",""
"8d3/2","7p3/2","0.9995972","0.0098367","0.9996(98)","731.1727","0.0004","731.1727(4)","1294784.3276","25483.074657","1.295(25)E+06","0.1403026447293162","0.0033286997085112398","0.1403(33)","","","",""
"8d3/2","8p1/2","5.0254979","0.1830795","5.03(18)","2228.3144","0.0043","2228.314(4)","1156208.3117","84241.619228","1.156(84)E+06","0.12528656744901237","0.008179821808331824","0.1253(82)","","","",""
"8d3/2","8p3/2","3.4056288","0.1001312","3.41(10)","2536.5575","0.0052","2536.558(5)","359971.2368","21167.516612","3.60(21)E+05","0.0390064317808333","0.00229850189488542","0.0390(23)","","","",""
"8d3/2","9p1/2","32.3244200","0.0632590","32.324(63)","20727.6654","2.1691","20728(2)","59431.6282","233.362904","5.943(23)E+04","0.006440002737275638","0.00011144010093001145","0.00644(11)","","","",""
"8d3/2","9p3/2","14.7118920","0.0451020","14.712(45)","42651.7442","9.1846","42652(9)","1412.9734","8.711412","1.4130(87)E+03","0.00015310959457659498","2.7483946872075698e-06","0.0001531(27)","","","",""
"8d3/2","5f5/2","11.3030120","0.4648390","11.30(46)","5835.6645","13.6220","5840(10)*","325630.2463","26880.137635","3.26(27)E+05","0.03528524696579918","0.0028703891913612277","0.0353(29)","","","",""
"8d5/2","7p3/2","2.9171346","0.0219831","2.917(22)","728.7899","0.0004","728.7899(4)","7423725.3168","111888.218611","7.42(11)E+06","0.7650191300721795","0.008486981981272066","0.7650(85)","","","",""
"8d5/2","8p3/2","9.5260701","0.2448491","9.53(24)","2508.1093","0.0051","2508.109(5)","1942245.8581","99843.303411","1.94(10)E+06","0.20014954397870152","0.00855797142676993","0.2001(86)","","","",""
"8d5/2","9p3/2","44.4853760","0.1130990","44.49(11)","35820.0829","6.4780","35820(6)","14540.2150","74.353346","1.4540(74)E+04","0.0014983774536344856","2.4600110515386493e-05","0.001498(25)","","","",""
"8d5/2","5f5/2","2.8973563","0.0976636","2.897(98)","5687.2569","12.9380","5690(10)*","15410.3080","1044.205994","1.54(10)E+04","0.0015880410318463312","0.00011025557557264169","0.00159(11)","","","",""
"8d5/2","5f7/2","12.9442460","0.4377430","12.94(44)","5684.3652","12.9248","5680(10)*","308051.7388","20940.818719","3.08(21)E+05","0.031744907463638276","0.002146276910212816","0.0317(21)","","","",""
"9d3/2","7p1/2","1.1771392","0.0129922","1.177(13)","585.5114","0.0002","585.5114(2)","3496688.8543","77186.591032","3.497(77)E+06","0.5858332123124794","0.007495397361590828","0.5858(75)","","","",""
"9d3/2","7p3/2","0.6214215","0.0080218","0.6214(80)","649.6671","0.0003","649.6671(3)","713357.5593","18417.166698","7.13(18)E+05","0.11951550963692727","0.003283017559020173","0.1195(33)","","","",""
"9d3/2","8p1/2","2.6478029","0.0560995","2.648(56)","1611.9836","0.0022","1611.984(2)","847806.5221","35925.273904","8.48(36)E+05","0.14204101048965004","0.005561116543115556","0.1420(56)","","","",""
"9d3/2","8p3/2","1.5651025","0.0221383","1.565(22)","1767.3493","0.0025","1767.349(3)","224763.4536","6358.536674","2.248(64)E+05","0.03765673800199146","0.001183278175168797","0.0377(12)","","","",""
"9d3/2","9p1/2","6.8384642","0.4129501","6.84(41)","4548.9966","0.1045","4549.0(1)","251638.8234","30391.120338","2.52(30)E+05","0.04215942179054333","0.004917229151740167","0.0422(49)","","","",""
"9d3/2","9p3/2","4.8760802","0.2204506","4.88(22)","5127.4242","0.1327","5127.4(1)","89341.0915","8078.334926","8.93(81)E+04","0.014968154390920195","0.0013536535238457888","0.0150(14)","","","",""
"9d3/2","10p1/2","49.5592630","0.2241920","49.56(22)","39632.6843","7.9303","39633(8)","19984.6493","181.207273","1.998(18)E+04","0.003348216493021349","6.073215625969252e-05","0.003348(61)","","","",""
"9d3/2","10p3/2","22.5854300","0.0564200","22.585(56)","84454.4664","36.0106","84450(40)","428.9396","2.212169","4.289(22)E+02","7.186429609167614e-05","1.1894334140760226e-06","0.0000719(12)","","","",""
"9d3/2","5f5/2","2.4613531","0.0098227","2.4614(98)","2915.9272","3.4011","2916(3)*","123772.7747","1078.663107","1.238(11)E+05","0.02073681851522348","0.0003710350310704982","0.02074(37)","","","",""
"9d3/2","6f5/2","22.5651250","0.7781100","22.57(78)","10867.3327","23.6199","10870(20)*","200961.9865","13921.294191","2.01(14)E+05","0.033669054073151745","0.0023138725364050343","0.0337(23)","","","",""
"9d5/2","7p3/2","1.8300767","0.0183533","1.830(18)","648.6002","0.0003","648.6002(3)","4144989.8250","83137.763510","4.145(83)E+06","0.6680421246686574","0.0072326496089885105","0.6680(72)","","","",""
"9d5/2","8p3/2","4.5006458","0.0608167","4.501(61)","1759.4758","0.0025","1759.476(2)","1255786.5926","33938.594953","1.256(34)E+06","0.20239334205864143","0.005305492531089383","0.2024(53)","","","",""
"9d5/2","9p3/2","13.5011840","0.5572450","13.50(56)","5061.7098","0.1294","5061.7(1)","474644.0406","39180.731478","4.75(39)E+05","0.07649770608019309","0.0059373276724770906","0.0765(59)","","","",""
"9d5/2","10p3/2","68.1361980","0.1269130","68.14(13)","69576.3496","24.4404","69580(20)","4654.6489","18.020291","4.655(18)E+03","0.0007501831601533534","1.2267006240390447e-05","0.000750(12)","","","",""
"9d5/2","5f5/2","0.6508594","0.0034115","0.6509(34)","2894.5563","3.3514","2895(3)*","5898.5383","65.140703","5.899(65)E+03","0.0009506590493898291","1.8388567492882477e-05","0.000951(18)","","","",""
"9d5/2","5f7/2","2.9091663","0.0154747","2.909(15)","2893.8071","3.3497","2894(3)*","117935.4684","1319.814160","1.179(13)E+05","0.019007491987228217","0.0003670463880789442","0.01901(37)","","","",""
"9d5/2","6f5/2","5.7883162","0.1617010","5.79(16)","10576.3139","22.3718","10580(20)*","9563.5152","537.763510","9.56(54)E+03","0.0015413381668666587","8.993508593741609e-05","0.001541(90)","","","",""
"9d5/2","6f7/2","25.8516940","0.7263170","25.85(73)","10568.0284","22.3368","10570(20)*","191210.6864","10812.522699","1.91(11)E+05","0.03081715482886982","0.0017576532712607683","0.0308(18)","","","",""
"10d3/2","7p1/2","0.8526242","0.0106780","0.853(11)","553.3253","0.0002","553.3253(2)","2173607.6149","54443.169998","2.174(54)E+06","0.5480669039615861","0.007562074272590177","0.5481(76)","","","",""
"10d3/2","7p3/2","0.4402277","0.0060940","0.4402(61)","610.2784","0.0002","610.2784(2)","431894.8608","11957.299751","4.32(12)E+05","0.10890064865341349","0.003175422708677702","0.1089(32)","","","",""
"10d3/2","8p1/2","1.7354328","0.0294072","1.735(29)","1389.4674","0.0015","1389.467(2)","568692.8770","19273.192544","5.69(19)E+05","0.14339374884290007","0.0046902084460049105","0.1434(47)","","","",""
"10d3/2","8p3/2","0.9745309","0.0093146","0.9745(93)","1503.3850","0.0016","1503.385(2)","141575.4291","2706.365722","1.416(27)E+05","0.03569770670477797","0.0008671113182501376","0.03570(87)","","","",""
"10d3/2","9p1/2","3.5655109","0.1341391","3.57(13)","3133.0755","0.0494","3133.08(5)","209381.4824","15754.403756","2.09(16)E+05","0.05279474546977978","0.0038487137220433853","0.0528(38)","","","",""
"10d3/2","9p3/2","2.1998474","0.0555642","2.200(56)","3397.0138","0.0581","3397.01(6)","62531.7397","3158.880823","6.25(32)E+04","0.01576714064289635","0.0008226348507100732","0.01577(82)","","","",""
"10d3/2","10p1/2","8.8686532","0.6806756","8.87(68)","8027.0866","0.3245","8027.1(3)","77028.0344","11823.919301","7.7(12)E+04","0.019422326286354034","0.002939010372604752","0.0194(29)","","","",""
"10d3/2","10p3/2","6.5611983","0.3615444","6.56(36)","8993.8410","0.4073","8993.8(4)","29973.5390","3303.290932","3.00(33)E+04","0.007557714017370322","0.0008352099809294901","0.00756(84)","","","",""
"10d3/2","11p1/2","70.1113540","0.1349750","70.11(13)","67162.7757","22.7160","67160(20)","8218.6051","32.724492","8.219(33)E+03","0.002072290068198849","3.3828341500956774e-05","0.002072(34)","","","",""
"10d3/2","11p3/2","31.9876920","0.0582200","31.988(58)","146280.0971","107.7569","146300(100)","165.5836","0.705132","1.6558(71)E+02","4.1751284102665324e-05","6.845450042462833e-07","0.00004175(68)","","","",""
"10d3/2","5f5/2","1.2111971","0.0024212","1.2112(24)","2260.9570","2.0448","2261(2)*","64292.4623","310.642517","6.429(31)E+04","0.01621110017047924","0.0002679872801143524","0.01621(27)","","","",""
"10d3/2","6f5/2","4.9634184","0.0119471","4.963(12)","5225.6050","5.4614","5226(5)*","87449.9048","502.405412","8.745(50)E+04","0.022050161324022585","0.0003704419820711325","0.02205(37)","","","",""
"10d3/2","7f5/2","36.3937860","1.1286480","36.4(11)","18208.0145","36.4690","18210(40)*","111140.9269","6925.701277","1.111(69)E+05","0.02802376257411877","0.0017537050718564793","0.0280(18)","","","",""
"10d5/2","7p3/2","1.3025685","0.0140953","1.303(14)","609.6964","0.0002","609.6964(2)","2527996.1258","54711.692848","2.528(55)E+06","0.6169667619301576","0.00667532786399367","0.6170(67)","","","",""
"10d5/2","8p3/2","2.8309497","0.0276446","2.831(28)","1499.8577","0.0016","1499.858(2)","802103.0319","15665.285598","8.02(16)E+05","0.19575619807566316","0.004192711395477147","0.1958(42)","","","",""
"10d5/2","9p3/2","6.2703515","0.1519246","6.27(15)","3379.0576","0.0575","3379.06(6)","344122.4769","16675.524066","3.44(17)E+05","0.083984357464314","0.0039216303841356015","0.0840(39)","","","",""
"10d5/2","10p3/2","18.0375340","0.9211600","18.04(92)","8869.0616","0.3961","8869.1(4)","157484.3372","16085.169608","1.57(16)E+05","0.03843463230089284","0.003815870843076065","0.0384(38)","","","",""
"10d5/2","11p3/2","96.3529080","0.1341710","96.35(13)","119040.5333","71.3616","119040(70)","1858.4938","6.161260","1.8585(62)E+03","0.00045357225593527293","6.9917269816317365e-06","0.0004536(70)","","","",""
"10d5/2","5f5/2","0.3221541","0.0001611","0.32215(16)","2252.9886","2.0304","2253(2)*","3064.5479","8.834024","3.0645(88)E+03","0.0007479141896990671","1.1463670152578504e-05","0.000748(11)","","","",""
"10d5/2","5f7/2","1.4400843","0.0007200","1.44008(72)","2252.5346","2.0296","2253(2)*","61274.1730","176.596515","6.127(18)E+04","0.014954187506561507","0.00022909382907864795","0.01495(23)","","","",""
"10d5/2","6f5/2","1.3148317","0.0050153","1.3148(50)","5183.2351","5.3732","5183(5)*","4192.3126","34.537773","4.192(35)E+03","0.0010231493193111577","1.7554311623250203e-05","0.001023(18)","","","",""
"10d5/2","6f7/2","5.8767601","0.0230302","5.877(23)","5181.2443","5.3691","5181(5)*","83847.4315","706.979778","8.385(71)E+04","0.02046327435808422","0.00035136117938014524","0.02046(35)","","","",""
"10d5/2","7f5/2","9.3418235","0.2328844","9.34(23)","17703.7619","34.4771","17700(30)*","5311.0782","266.613871","5.31(27)E+03","0.001296188178172196","6.785022366923322e-05","0.001296(68)","","","",""
"10d5/2","7f7/2","41.7159000","1.0477280","41.7(10)","17687.1504","34.4124","17690(30)*","106205.1768","5370.750161","1.062(54)E+05","0.025919764421209045","0.0013346410676155372","0.0259(13)","","","",""
"11d3/2","7p1/2","0.6583642","0.0086927","0.6584(87)","534.7904","0.0002","534.7904(2)","1435453.1476","37905.960212","1.435(38)E+06","0.5247094327889711","0.007589163157681835","0.5247(76)","","","",""
"11d3/2","7p3/2","0.3355394","0.0047705","0.3355(48)","587.8091","0.0002","587.8091(2)","280792.5161","7984.282615","2.808(80)E+05","0.10263970098775116","0.003055523387910321","0.1026(31)","","","",""
"11d3/2","8p1/2","1.2670112","0.0190344","1.267(19)","1278.2224","0.0013","1278.222(1)","389357.9099","11698.703589","3.89(12)E+05","0.14232423286203516","0.004244637336181016","0.1423(42)","","","",""
"11d3/2","8p3/2","0.6928929","0.0066961","0.6929(67)","1374.0003","0.0014","1374.000(1)","93751.6874","1812.028039","9.38(18)E+04","0.034269592703966595","0.0008335482812689176","0.03427(83)","","","",""
"11d3/2","9p1/2","2.3307426","0.0710887","2.331(71)","2619.0935","0.0345","2619.09(3)","153159.1540","9342.848448","1.532(93)E+05","0.055985145151099924","0.003334813412943126","0.0560(33)","","","",""
"11d3/2","9p3/2","1.3610868","0.0255524","1.361(26)","2801.0224","0.0395","2801.02(4)","42700.1329","1603.265227","4.27(16)E+04","0.015608424803604332","0.0006261740603469995","0.01561(63)","","","",""
"11d3/2","10p1/2","4.5697631","0.2262184","4.57(23)","5341.4666","0.1437","5341.5(1)","69408.5762","6871.910832","6.94(69)E+04","0.02537131547435646","0.0024792043485787436","0.0254(25)","","","",""
"11d3/2","10p3/2","2.9113342","0.0956724","2.911(96)","5752.9621","0.1667","5753.0(2)","22548.4613","1481.978465","2.25(15)E+04","0.008242268552812659","0.000552423367806961","0.00824(55)","","","",""
"11d3/2","11p1/2","11.1342860","0.9979700","11.1(10)","12898.9816","0.8379","12899.0(8)","29259.4251","5245.068379","2.93(52)E+04","0.010695365688915952","0.0019039768534679883","0.0107(19)","","","",""
"11d3/2","11p3/2","8.4740268","0.5307567","8.47(53)","14394.1847","1.0434","14394(1)","12196.2345","1527.784383","1.22(15)E+04","0.00445815962173961","0.0005603028192331248","0.00446(56)","","","",""
"11d3/2","12p1/2","93.9982360","0.1816410","94.00(18)","104882.2697","55.3960","104880(60)","3879.1850","16.203291","3.879(16)E+03","0.0014179807720164433","2.2910517158055796e-05","0.001418(23)","","","",""
"11d3/2","12p3/2","42.9253990","0.0729040","42.925(73)","231669.1764","270.2783","231700(300)","75.0639","0.366108","7.506(37)E+01","2.743854528462068e-05","4.487205648114585e-07","0.00002744(45)","","","",""
"11d3/2","5f5/2","0.7670893","0.0031131","0.7671(31)","1980.4847","1.5689","1980(2)*","38369.3697","324.506567","3.837(32)E+04","0.014025376051415923","0.0002482045306136535","0.01403(25)","","","",""
"11d3/2","6f5/2","2.4396721","0.0075514","2.4397(76)","3936.9815","3.1000","3937(3)*","49406.0467","327.358691","4.941(33)E+04","0.018059676001676565","0.00030540195913688673","0.01806(31)","","","",""
"11d3/2","7f5/2","8.0030535","0.0102337","8.003(10)","8506.4994","7.9598","8506(8)*","52706.7362","200.152684","5.271(20)E+04","0.019266195968056055","0.0003091733516445812","0.01927(31)","","","",""
"11d3/2","8f5/2","52.9321940","1.5309640","52.9(15)","28295.3949","80.0644","28300(80)*","62646.9353","3662.701088","6.26(37)E+04","0.02289969402629751","0.0013557987786727405","0.0229(14)","","","",""
"11d5/2","7p3/2","0.9956206","0.0111017","0.996(11)","587.4528","0.0002","587.4528(2)","1651143.9249","36822.268510","1.651(37)E+06","0.5862528672885298","0.006416118019213591","0.5863(64)","","","",""
"11d5/2","8p3/2","2.0233816","0.0160525","2.023(16)","1372.0551","0.0014","1372.055(1)","535250.3817","8492.819053","5.353(85)E+05","0.19004525664757807","0.003614061400150723","0.1900(36)","","","",""
"11d5/2","9p3/2","3.9215190","0.0730145","3.922(73)","2792.9505","0.0393","2792.95(4)","238360.8889","8876.056598","2.384(89)E+05","0.08463208595780972","0.003118229507950335","0.0846(31)","","","",""
"11d5/2","10p3/2","8.2450409","0.2604344","8.25(26)","5719.0145","0.1647","5719.0(2)","122726.4261","7753.075677","1.227(78)E+05","0.04357507427672165","0.0027032959060661675","0.0436(27)","","","",""
"11d5/2","11p3/2","23.1721560","1.3581360","23.2(14)","14183.5321","1.0131","14184(1)","63547.1034","7449.091311","6.35(74)E+04","0.02256294620111326","0.0026046668900213004","0.0226(26)","","","",""
"11d5/2","12p3/2","129.1556500","0.1767000","129.16(18)","186975.3006","176.0529","187000(200)","861.7676","3.389080","8.618(34)E+02","0.0003059780018834785","4.548974610369496e-06","0.0003060(45)","","","",""
"11d5/2","5f5/2","0.2044794","0.0002771","0.20448(28)","1976.4459","1.5625","1976(2)*","1828.7754","6.586347","1.8288(66)E+03","0.0006493224342353557","9.598666702820848e-06","0.0006493(96)","","","",""
"11d5/2","5f7/2","0.9140958","0.0011836","0.9141(12)","1976.0966","1.5620","1976(2)*","36565.7918","128.394913","3.657(13)E+04","0.012982999227148205","0.00019150706728036235","0.01298(19)","","","",""
"11d5/2","6f5/2","0.6503012","0.0003507","0.65030(35)","3921.0535","3.0749","3921(3)*","2368.8462","6.130808","2.3688(61)E+03","0.0008410792319948567","1.2253745638733568e-05","0.000841(12)","","","",""
"11d5/2","6f7/2","2.9070241","0.0014535","2.9070(15)","3919.9141","3.0732","3920(3)*","47378.7573","121.086746","4.738(12)E+04","0.016822235718372415","0.00024486777659486986","0.01682(24)","","","",""
"11d5/2","7f5/2","2.1233514","0.0060537","2.1234(61)","8432.4874","7.8219","8432(8)*","2539.1754","16.110630","2.539(16)E+03","0.0009015560710773526","1.4133316526507052e-05","0.000902(14)","","","",""
"11d5/2","7f7/2","9.4908368","0.0281195","9.491(28)","8428.7169","7.8149","8429(8)*","50797.3042","332.517536","5.080(33)E+04","0.018036020227237975","0.00028338654714494366","0.01804(28)","","","",""
"11d5/2","8f5/2","13.5949030","0.3144550","13.59(31)","27492.7392","75.5864","27490(80)*","3003.4074","141.130853","3.00(14)E+03","0.001066385660411768","5.233927734955986e-05","0.001066(52)","","","",""
"11d5/2","8f7/2","60.7033400","1.4162870","60.7(14)","27464.7709","75.4327","27460(80)*","60063.8668","2846.093441","6.01(28)E+04","0.021326193055886154","0.0010349446693553711","0.0213(10)","","","",""
"12d3/2","7p1/2","0.5302028","0.0071910","0.5302(72)","523.0373","0.0002","523.0373(2)","995161.3011","26994.217764","9.95(27)E+05","0.5091659649095331","0.007592594354995707","0.5092(76)","","","",""
"12d3/2","7p3/2","0.2679800","0.0038565","0.2680(39)","573.6409","0.0002","573.6409(2)","192704.4310","5546.418677","1.927(55)E+05","0.09859561201928407","0.0029593478915385368","0.0986(30)","","","",""
"12d3/2","8p1/2","0.9853544","0.0137465","0.985(14)","1213.0702","0.0011","1213.070(1)","275508.1390","7687.127905","2.755(77)E+05","0.1409614373888027","0.003974200213434895","0.1410(40)","","","",""
"12d3/2","8p3/2","0.5303795","0.0054702","0.5304(55)","1299.0050","0.0012","1299.005(1)","65005.2368","1340.895150","6.50(13)E+04","0.033259386265582315","0.0008368164983258305","0.03326(84)","","","",""
"12d3/2","9p1/2","1.7021006","0.0461726","1.702(46)","2359.4388","0.0280","2359.44(3)","111725.3228","6061.509823","1.117(61)E+05","0.05716332792750053","0.0030478276070974803","0.0572(30)","","","",""
"12d3/2","9p3/2","0.9656477","0.0150614","0.966(15)","2506.0735","0.0316","2506.07(3)","30009.8165","936.138891","3.001(94)E+04","0.015354271882428236","0.000527226611299219","0.01535(53)","","","",""
"12d3/2","10p1/2","2.9716443","0.1205296","2.97(12)","4362.3813","0.0958","4362.4(1)","53880.3123","4370.761760","5.39(44)E+04","0.027567411619508757","0.0022145859599939813","0.0276(22)","","","",""
"12d3/2","10p3/2","1.7877469","0.0453130","1.788(45)","4633.0272","0.1081","4633.0(1)","16278.8919","825.224342","1.628(83)E+04","0.008328959003547581","0.000437790777642802","0.00833(44)","","","",""
"12d3/2","11p1/2","5.6719772","0.3354340","5.67(34)","8365.1488","0.3524","8365.1(4)","27839.1044","3292.745066","2.78(33)E+04","0.014243645153106041","0.001674881745813765","0.0142(17)","","","",""
"12d3/2","11p3/2","3.7056945","0.1440711","3.71(14)","8969.3660","0.4051","8969.4(4)","9639.6508","749.547593","9.64(75)E+03","0.004932046765741745","0.0003890481104324063","0.00493(39)","","","",""
"12d3/2","12p1/2","13.6333100","1.3620580","13.6(14)","19397.6637","1.8948","19398(2)","12899.1667","2577.427215","1.29(26)E+04","0.0065997508725052475","0.0013139021119627035","0.0066(13)","","","",""
"12d3/2","12p3/2","10.6133080","0.7247553","10.61(72)","21582.1438","2.3457","21582(2)","5675.7741","775.170026","5.68(78)E+03","0.0029039624207596085","0.0003979626384941313","0.00290(40)","","","",""
"12d3/2","13p1/2","121.2261400","0.2741400","121.23(27)","154354.3358","119.9809","154400(100)","2024.1532","10.300032","2.024(10)E+03","0.001035641048778728","1.6753422730105105e-05","0.001036(17)","","","",""
"12d3/2","13p3/2","55.4011530","0.0932160","55.401(93)","344281.4845","596.9005","344300(600)","38.0982","0.236016","3.810(24)E+01","1.9492601652678595e-05","3.2279351194902214e-07","0.00001949(32)","","","",""
"12d3/2","5f5/2","0.5487089","0.0027494","0.5487(27)","1828.3374","1.3371","1828(1)*","24952.9715","255.985115","2.495(26)E+04","0.01276697937189099","0.0002348585681596943","0.01277(23)","","","",""
"12d3/2","6f5/2","1.5419845","0.0077431","1.5420(77)","3378.1524","2.2824","3378(2)*","31241.3372","320.083962","3.124(32)E+04","0.015984369161501037","0.00029363684994942736","0.01598(29)","","","",""
"12d3/2","7f5/2","3.9189583","0.0158041","3.919(16)","6266.6352","4.3198","6267(4)*","31611.5189","263.209032","3.161(26)E+04","0.01617376953972335","0.0002815057372226424","0.01617(28)","","","",""
"12d3/2","8f5/2","11.5937180","0.0057969","11.5937(58)","12926.6539","16.7101","12930(20)*","31520.5957","126.237565","3.152(13)E+04","0.01612724943940395","0.00025569350781632657","0.01613(26)","","","",""
"12d3/2","9f5/2","72.2240690","1.9896880","72.2(20)","41571.6927","172.8237","41600(200)*","36777.1521","2077.598067","3.68(21)E+04","0.01881672260874926","0.0010820917936905693","0.0188(11)","","","",""
"12d5/2","7p3/2","0.7966509","0.0090127","0.7967(90)","573.4058","0.0002","573.4058(2)","1136752.6518","25720.703101","1.137(26)E+06","0.5661421049128907","0.006339788200067641","0.5661(63)","","","",""
"12d5/2","8p3/2","1.5537568","0.0124735","1.554(12)","1297.7997","0.0012","1297.800(1)","372957.2755","5988.173499","3.730(60)E+05","0.18574561197118308","0.0035004504964099574","0.1857(35)","","","",""
"12d5/2","9p3/2","2.7979350","0.0444280","2.798(44)","2501.5916","0.0315","2501.59(3)","168865.9351","5362.798689","1.689(54)E+05","0.08410107138987602","0.0027017745189610257","0.0841(27)","","","",""
"12d5/2","10p3/2","5.1198330","0.1278910","5.12(13)","4617.7326","0.1074","4617.7(1)","89896.1967","4491.133093","8.99(45)E+04","0.04477141264421414","0.002223091062397632","0.0448(22)","","","",""
"12d5/2","11p3/2","10.4434960","0.3918670","10.44(39)","8912.2191","0.4000","8912.2(4)","52029.5778","3904.575134","5.20(39)E+04","0.025912527821286495","0.001927490214802142","0.0259(19)","","","",""
"12d5/2","12p3/2","28.9027030","1.8599560","28.9(19)","21254.2110","2.2749","21254(2)","29380.4210","3781.408290","2.94(38)E+04","0.014632464990561929","0.0018666196084562829","0.0146(19)","","","",""
"12d5/2","13p3/2","166.5521400","0.2257500","166.55(23)","276281.2543","384.3948","276300(400)","444.1833","2.210705","4.442(22)E+02","0.00022121863755523638","3.2653837844838364e-06","0.0002212(33)","","","",""
"12d5/2","5f5/2","0.1464263","0.0003188","0.14643(32)","1825.9508","1.3336","1826(1)*","1189.2880","5.797335","1.1893(58)E+03","0.0005923065255447101","8.722364817368686e-06","0.0005923(87)","","","",""
"12d5/2","5f7/2","0.6545922","0.0013881","0.6546(14)","1825.6526","1.3332","1826(1)*","23779.5317","113.512305","2.378(11)E+04","0.01184302856437185","0.00017380266036319246","0.01184(17)","","","",""
"12d5/2","6f5/2","0.4119864","0.0008683","0.41199(87)","3370.0137","2.2714","3370(2)*","1497.5689","7.001253","1.4976(70)E+03","0.0007458410832510688","1.0934852555134238e-05","0.000746(11)","","","",""
"12d5/2","6f7/2","1.8418022","0.0037317","1.8418(37)","3369.1720","2.2703","3369(2)*","29952.4590","135.638853","2.995(14)E+04","0.014917359687775043","0.00021772161058478094","0.01492(22)","","","",""
"12d5/2","7f5/2","1.0465627","0.0013374","1.0466(13)","6238.6858","4.2814","6239(4)*","1523.2361","4.999078","1.5232(50)E+03","0.000758624228499037","1.083209567709732e-05","0.000759(11)","","","",""
"12d5/2","7f7/2","4.6787680","0.0055476","4.6788(55)","6236.6217","4.2786","6237(4)*","30474.0995","95.687448","3.0474(96)E+04","0.015177154675623302","0.00021607292550191178","0.01518(22)","","","",""
"12d5/2","8f5/2","3.0801366","0.0066032","3.0801(66)","12808.2891","16.4055","12810(20)*","1524.6938","8.778420","1.5247(88)E+03","0.0007593502218114208","1.1421157242148101e-05","0.000759(11)","","","",""
"12d5/2","8f7/2","13.7681160","0.0310560","13.768(31)","12802.2155","16.3900","12800(20)*","30507.7156","180.751449","3.051(18)E+04","0.015193896664681898","0.00022900003033846873","0.01519(23)","","","",""
"12d5/2","9f5/2","18.5589800","0.4074880","18.56(41)","40371.8571","162.9916","40400(200)*","1767.6166","80.519263","1.768(81)E+03","0.0008803341741162963","4.189221806636762e-05","0.000880(42)","","","",""
"12d5/2","9f7/2","82.8653380","1.8366980","82.9(18)","40329.4919","162.6497","40300(200)*","35350.3417","1624.389605","3.54(16)E+04","0.017605691806757785","0.0008314445444477888","0.01761(83)","","","",""
"13d3/2","7p1/2","0.4399219","0.0060601","0.4399(61)","515.0765","0.0002","515.0765(2)","717370.0119","19764.117276","7.17(20)E+05","0.4982488582997296","0.007587957861909158","0.4982(76)","","","",""
"13d3/2","7p3/2","0.2210880","0.0032016","0.2211(32)","564.0794","0.0002","564.0794(2)","137948.5163","3995.295720","1.379(40)E+05","0.09581204902606578","0.0028860679638197484","0.0958(29)","","","",""
"13d3/2","8p1/2","0.7986885","0.0106199","0.799(11)","1171.0918","0.0011","1171.092(1)","201182.0930","5350.105131","2.012(54)E+05","0.1397308871054477","0.003798112642486187","0.1397(38)","","","",""
"13d3/2","8p3/2","0.4254582","0.0045377","0.4255(45)","1250.9861","0.0011","1250.986(1)","46834.2609","999.016247","4.68(10)E+04","0.032528704314424776","0.0008323007011914055","0.03253(83)","","","",""
"13d3/2","9p1/2","1.3258514","0.0334417","1.326(33)","2205.6602","0.0245","2205.66(2)","82981.4882","4186.053792","8.30(42)E+04","0.05763473672739223","0.0028705919952044675","0.0576(29)","","","",""
"13d3/2","9p3/2","0.7390376","0.0101586","0.739(10)","2333.2867","0.0274","2333.29(3)","21778.9073","598.733784","2.178(60)E+04","0.015126525384356833","0.0004692118049475167","0.01513(47)","","","",""
"13d3/2","10p1/2","2.1653742","0.0784337","2.165(78)","3864.2564","0.0752","3864.26(8)","41160.0057","2981.778013","4.12(30)E+04","0.02858765423861275","0.002056977250405463","0.0286(21)","","","",""
"13d3/2","10p3/2","1.2635104","0.0273035","1.264(27)","4075.1291","0.0836","4075.13(8)","11949.2555","516.429196","1.195(52)E+04","0.008299347383550745","0.00037724244207152047","0.00830(38)","","","",""
"13d3/2","11p1/2","3.6662521","0.1791804","3.67(18)","6707.2230","0.2265","6707.2(2)","22564.3967","2205.576531","2.26(22)E+04","0.01567208650222318","0.0015262436816339687","0.0157(15)","","","",""
"13d3/2","11p3/2","2.2583617","0.0692607","2.258(69)","7090.1872","0.2532","7090.2(3)","7248.0505","444.575216","7.25(44)E+03","0.005034128622317576","0.0003165360655568188","0.00503(32)","","","",""
"13d3/2","12p1/2","6.8739359","0.4607511","6.87(46)","12330.1522","0.7656","12330.2(8)","12767.7087","1711.607898","1.28(17)E+04","0.008867803445137962","0.0011858334841129015","0.0089(12)","","","",""
"13d3/2","12p3/2","4.5837832","0.1997656","4.58(20)","13178.0085","0.8745","13178.0(9)","4650.5691","405.353440","4.65(41)E+03","0.003230049613097796","0.0002848571816090683","0.00323(28)","","","",""
"13d3/2","13p1/2","16.3663570","1.7718760","16.4(18)","27756.1896","3.8797","27756(4)","6345.0028","1373.864602","6.3(14)E+03","0.004406917421079378","0.0009523428926179699","0.00441(95)","","","",""
"13d3/2","13p3/2","12.9814720","0.9449360","12.98(94)","30812.8428","4.7812","30813(5)","2917.8294","424.786360","2.92(42)E+03","0.002026576429801163","0.0002960312664815079","0.00203(30)","","","",""
"13d3/2","14p1/2","151.7977600","0.4254400","151.80(43)","217155.2660","237.4736","217200(200)","1139.7955","7.402791","1.1398(74)E+03","0.0007916442093967819","1.3041432395721432e-05","0.000792(13)","","","",""
"13d3/2","14p3/2","69.4155570","0.1162870","69.42(12)","487567.0405","1197.1355","4.88(1)E+05","21.0580","0.170405","2.106(17)E+01","1.4625846687349462e-05","2.5110197445058704e-07","0.00001463(25)","","","",""
"13d3/2","5f5/2","0.4212966","0.0023320","0.4213(23)","1734.6223","1.2036","1735(1)*","17225.3669","194.036482","1.723(19)E+04","0.0119638669522056","0.0002248208445232754","0.01196(22)","","","",""
"13d3/2","6f5/2","1.1013266","0.0065095","1.1013(65)","3071.5436","1.8869","3072(2)*","21201.6426","253.656309","2.120(25)E+04","0.014725586611647318","0.0002825599204753","0.01473(28)","","","",""
"13d3/2","7f5/2","2.4687505","0.0146180","2.469(15)","5287.5175","3.0754","5288(3)*","20883.6433","249.983230","2.088(25)E+04","0.01450472039764298","0.0002784010385998562","0.01450(28)","","","",""
"13d3/2","8f5/2","5.6512571","0.0273407","5.651(27)","9353.7547","8.7494","9354(9)*","19766.9434","199.145499","1.977(20)E+04","0.01372911718254285","0.0002486387496727927","0.01373(25)","","","",""
"13d3/2","9f5/2","15.7365020","0.0078683","15.7365(79)","18655.2442","34.8024","18660(30)*","19320.6131","109.843713","1.932(11)E+04","0.013419118818123629","0.0002166791033791827","0.01342(22)","","","",""
"13d3/2","10f5/2","94.2875920","2.5064780","94.3(25)","58472.0094","341.9037","58500(300)*","22525.3915","1261.102555","2.25(13)E+04","0.01564499546851612","0.000894041102068904","0.01564(89)","","","",""
"13d5/2","7p3/2","0.6581143","0.0075040","0.6581(75)","563.9154","0.0002","563.9154(2)","815599.3840","18599.376382","8.16(19)E+05","0.5521625533183532","0.006298147676576601","0.5522(63)","","","",""
"13d5/2","8p3/2","1.2490141","0.0103931","1.249(10)","1250.1799","0.0011","1250.180(1)","269608.2851","4486.844311","2.696(45)E+05","0.18252539422701852","0.003464201505913742","0.1825(35)","","","",""
"13d5/2","9p3/2","2.1487001","0.0306552","2.149(31)","2330.4835","0.0274","2330.48(3)","123176.9779","3514.699673","1.232(35)E+05","0.08339108144461242","0.0024494032353581056","0.0834(24)","","","",""
"13d5/2","10p3/2","3.6398349","0.0788692","3.640(79)","4066.5863","0.0833","4066.59(8)","66525.6998","2883.006587","6.65(29)E+04","0.04503804318463769","0.001959678426871234","0.0450(20)","","","",""
"13d5/2","11p3/2","6.4373791","0.1942685","6.44(19)","7064.3670","0.2513","7064.4(3)","39693.0501","2395.733182","3.97(24)E+04","0.026872281076266484","0.0016193705368104149","0.0269(16)","","","",""
"13d5/2","12p3/2","12.8674910","0.5425270","12.87(54)","13089.0909","0.8628","13089.1(9)","24933.0468","2102.490418","2.49(21)E+04","0.016879726792874434","0.0014178050077678758","0.0169(14)","","","",""
"13d5/2","13p3/2","35.2339310","2.4284430","35.2(24)","30331.0636","4.6329","30331(5)","15023.6459","2070.973531","1.50(21)E+04","0.010171040870324279","0.0013945746951711468","0.0102(14)","","","",""
"13d5/2","14p3/2","208.5445200","0.2813900","208.54(28)","389635.6906","764.5257","389600(800)","248.2775","1.607738","2.483(16)E+02","0.00016808443087752004","2.5284123319637115e-06","0.0001681(25)","","","",""
"13d5/2","5f5/2","0.1124968","0.0002970","0.11250(30)","1733.0725","1.2014","1733(1)*","821.0057","4.659169","8.210(47)E+02","0.0005558226327186168","8.178862325186294e-06","0.0005558(82)","","","",""
"13d5/2","5f7/2","0.5029187","0.0013007","0.5029(13)","1732.8039","1.2010","1733(1)*","16415.8494","91.516872","1.6416(92)E+04","0.011113565647063627","0.00016286100986380933","0.01111(16)","","","",""
"13d5/2","6f5/2","0.2945926","0.0008394","0.29459(84)","3066.6879","1.8809","3067(2)*","1016.1340","6.085027","1.0161(61)E+03","0.00068792493382413","1.0207518744227192e-05","0.000688(10)","","","",""
"13d5/2","6f7/2","1.3170288","0.0036511","1.3170(37)","3065.9909","1.8801","3066(2)*","20323.2904","118.721874","2.032(12)E+04","0.013758911693715938","0.00020293548688490637","0.01376(20)","","","",""
"13d5/2","7f5/2","0.6609206","0.0018389","0.6609(18)","5273.1444","3.0587","5273(3)*","1006.0177","5.865492","1.0060(59)E+03","0.0006810761973414269","1.0063017283651103e-05","0.000681(10)","","","",""
"13d5/2","7f7/2","2.9549368","0.0079747","2.9549(80)","5271.6697","3.0570","5272(3)*","20126.4823","114.136768","2.013(11)E+04","0.013625672210703918","0.00020008959625933826","0.01363(20)","","","",""
"13d5/2","8f5/2","1.5116065","0.0028578","1.5116(29)","9308.8686","8.6657","9309(9)*","956.5394","4.496374","9.565(45)E+02","0.0006475792350708354","9.304115988516639e-06","0.0006476(93)","","","",""
"13d5/2","8f7/2","6.7583327","0.0121733","6.758(12)","9305.6600","8.6597","9306(9)*","19140.5161","87.234467","1.9141(87)E+04","0.012958170957997325","0.00018534786098264668","0.01296(19)","","","",""
"13d5/2","9f5/2","4.1855593","0.0066811","4.1856(67)","18477.5497","34.1426","18480(30)*","937.7561","5.998755","9.378(60)E+02","0.000634862946102625","9.527747502732566e-06","0.0006349(95)","","","",""
"13d5/2","9f7/2","18.7102850","0.0319090","18.710(32)","18468.6702","34.1098","18470(30)*","18765.9253","122.098661","1.877(12)E+04","0.012704572169072212","0.00019082925701891947","0.01270(19)","","","",""
"13d5/2","10f5/2","24.2388270","0.5123410","24.24(51)","56761.0982","322.1880","56800(300)*","1084.8929","49.444224","1.085(49)E+03","0.0007344748800735289","3.4904229182770245e-05","0.000734(35)","","","",""
"13d5/2","10f7/2","108.2234300","2.3106700","108.2(23)","56700.1103","321.4960","56700(300)*","21697.3620","997.323463","2.17(10)E+04","0.014689161151351332","0.0006944551571892993","0.01469(69)","","","",""